<?xml version="1.0" encoding="UTF-8"?>
<project-private xmlns="http://www.netbeans.org/ns/project-private/1">
    <editor-bookmarks xmlns="http://www.netbeans.org/ns/editor-bookmarks/2" lastBookmarkId="0"/>
    <open-files xmlns="http://www.netbeans.org/ns/projectui-open-files/2">
        <group>
            <file>file:/C:/xampp/htdocs/xshop/site/tai-khoan/quen-mk-form.php</file>
            <file>file:/C:/xampp/htdocs/xshop/site/tai-khoan/doi-mk.php</file>
            <file>file:/C:/xampp/htdocs/xshop/site/tai-khoan/doi-mk-form.php</file>
            <file>file:/C:/xampp/htdocs/xshop/site/tai-khoan/dang-nhap.php</file>
            <file>file:/C:/xampp/htdocs/xshop/site/tai-khoan/cap-nhat-tk.php</file>
            <file>file:/C:/xampp/htdocs/xshop/site/tai-khoan/quen-mk.php</file>
            <file>file:/C:/xampp/htdocs/xshop/site/tai-khoan/dang-ky.php</file>
            <file>file:/C:/xampp/htdocs/xshop/site/tai-khoan/dang-ky-form.php</file>
            <file>file:/C:/xampp/htdocs/xshop/site/tai-khoan/dang-nhap-form.php</file>
            <file>file:/C:/xampp/htdocs/xshop/site/tai-khoan/cap-nhat-tk-form.php</file>
        </group>
    </open-files>
</project-private>
